,id,id_str,text,Emoji_Sentiment
4,1410441018374303746,1410441018374303746,RT @ACWorldBlog: UNIQLO's stunning collection of Animal Crossing: New Horizons clothing and merchandise finally comes to the US tomorrow! ğŸ‰â€¦,1.0
14,1410440247498854408,1410440247498854408,Side note I have only enjoyed animal crossing and BOTW but Iâ€™mâ€¦..just learning ğŸ˜­,0.0
20,1410439613462638593,1410439613462638593,"RT @UniqloUSA: TOMORROW: ğŸˆğŸğŸŒ ğŸ‘ğŸŸ https://t.co/EBFaBPHzLa #ACNH #UniqloUT 
@NintendoAmerica @animalcrossing https://t.co/Ia5HNotUso",1.0
21,1410439604944134146,1410439604944134146,RT @txtstaycthinker: txt &amp; stayc as animal crossing characters â€” a cute thread â™¡ https://t.co/Dn3hyI7xCG,1.0
36,1410438857540050947,1410438857540050947,RT @misty_horizons: is it weird that i only ever want to play animal crossing to pick weeds and shake trees? ğŸ‘€,0.0
44,1410437890472022018,1410437890472022018,"RT @paranoid_ghosts: miku and rin in animal crossing style! ğŸŒ¼â˜€ï¸

[#HatsuneMiku #kagaminerin #åˆéŸ³ãƒŸã‚¯ #é¡éŸ³ãƒªãƒ³ #VOCALOID ] https://t.co/adPigigAuv",1.0
48,1410437342914093056,1410437342914093056,faye webster finding musical inspiration from animal crossing is something that can be so personal in the best way possible ğŸ’–ğŸ’“ğŸ’–ğŸ’•ğŸ’ğŸ’“,1.0
75,1410435048537530368,1410435048537530368,"RT @tyleroakley: ğŸš¨ NOW STREAMING ğŸš¨

ğŸ‘¾: Animal Crossing
ğŸ¦: https://t.co/ABVS2HS7F4
ğŸ‘€: getting stoney baloney &amp; bullying WALKER and JULIA untâ€¦",0.0
81,1410434459489341452,1410434459489341452,getting a switch soon :)) if anyone has any game reccs besides animal crossing pls lemme know ğŸ’•,1.0
87,1410434080378851332,1410434080378851332,"RT @HollowRiku: 2AM from ANIMAL CROSSING: New Horizons! âœ¨

â–¶ï¸: https://t.co/WHChsGS7VB

I hope you're all enjoying the game!ğŸï¸

 #ACNH #Aniâ€¦",1.0
94,1410432647239774219,1410432647239774219,"RT @knimbleyx: âœ¨We're getting cozy and building the Trees of Valor in Animal Crossing tonight! Come and say hello~

ğŸ’•https://t.co/IjkzT6qgRâ€¦",1.0
100,1410432130123845638,1410432130123845638,"ğŸš¨ NOW STREAMING ğŸš¨

ğŸ‘¾: Animal Crossing
ğŸ¦: https://t.co/ABVS2HS7F4
ğŸ‘€: getting stoney baloney &amp; bullying WALKER and JUâ€¦ https://t.co/s0KlYK1MRg",0.0
101,1410432059475169284,1410432059475169284,"@westindiedai I was all in them switch/animal crossing giveaways when the pandemic first started, ain't win SHIT ğŸ˜­",0.0
109,1410431158962167812,1410431158962167812,im playing animal crossing ğŸ³ï¸â€ğŸŒˆğŸ³ï¸â€ğŸŒˆ,1.0
120,1410430416532742148,1410430416532742148,RT @Crossing_Lorien: I wanna get lost in some animal crossing woods ğŸƒ https://t.co/ripNBbowJK,1.0
127,1410429607078100994,1410429607078100994,"RT @EverydayBewear: I suddenly realized that I had made almost all my favorite Nintendo characters into foodğŸ˜² 
Kirby &amp; Waddle Dee bread, Koâ€¦",0.0
156,1410426089021743104,1410426089021743104,@meanyoonji__ NOT AN ANIMAL CROSSING/BOB MEME ğŸ˜­ğŸ˜­ğŸ˜­ğŸ˜­ğŸ˜­,0.0
157,1410425934939930625,1410425934939930625,"@aspynthemermaid in case no one told you, colourpop did another animal crossing mix ğŸ‘€",0.0
162,1410425683575119873,1410425683575119873,back on the animal crossing grind ğŸ˜®â€ğŸ’¨ğŸ˜®â€ğŸ’¨ğŸ˜®â€ğŸ’¨ i feel pure serotonin running through my veins,1.0
166,1410425344130224132,1410425344130224132,ğŸ™ğŸ» donâ€™t ğŸ™ğŸ» use ğŸ™ğŸ» Amazon ğŸ™ğŸ» to ğŸ™ğŸ» buy ğŸ™ğŸ» animal ğŸ™ğŸ» crossing ğŸ™ğŸ» plushies ğŸ™ğŸ» their ğŸ™ğŸ»mostlyğŸ™ğŸ»bootleg ğŸ™ğŸ» with ğŸ™ğŸ»stockâ€¦ https://t.co/7LNnfp5JBi,1.0
167,1410425249255075841,1410425249255075841,"RT @FrogLordFFS: Next week will be full of Sunday-Wednesday Streaming Fun ğŸ’›ğŸ’›ğŸ’›
Sun: Animal Crossing (10am PST)
Mon: Chess/Skyrim (4pm)
Tues:â€¦",1.0
182,1410423215013330948,1410423215013330948,"@_gudetamad NO, RED abt animal crossing ğŸ’€",0.0
189,1410422341331525636,1410422341331525636,* plays animal crossing.â™¡ï¸ *,1.0
207,1410419409164853257,1410419409164853257,@_steelelin i look at the animal crossing one all the time even though i already have a regular one ğŸ˜”,0.0
216,1410418224798130180,1410418224798130180,"âœ¨We're getting cozy and building the Trees of Valor in Animal Crossing tonight! Come and say hello~

ğŸ’•â€¦ https://t.co/MavGguZuTn",1.0
217,1410418182490411009,1410418182490411009,"animal crossing fans when no news for a few months: ğŸ‘º
mambo fans waiting decades for mambo number 6: ğŸ™„",0.0
220,1410418013703008257,1410418013703008257,ok but imagine an animal crossing x sylvanian families collaboration ğŸ˜© i would cry,0.0
228,1410416980176211970,1410416980176211970,ahhh the animal crossing switch is already back in stock i thought iâ€™d have a month left to save up ğŸ˜©,0.0
234,1410416168922488834,1410416168922488834,Got the Animal Crossing New Horizons soundtrack today. ğŸ˜„ https://t.co/aCOro3roz3,1.0
238,1410416024642457604,1410416024642457604,he was just watching me play animal crossing then we did some tummy time (by we i mean him) ğŸ˜­,0.0
272,1410411727980797955,1410411727980797955,"@MadeUpAsIGo LOL my camera roll is about 95% cats, animal crossing and RP so ğŸ¤·ğŸ»â€â™€ï¸",1.0
279,1410410774338576387,1410410774338576387,I havenâ€™t picked up Animal Crossing in 6mo. Should I just over or TT back to make up dates/events that I lost ğŸ˜­ğŸ˜­,0.0
286,1410410265473019904,1410410265473019904,"RT @aroceu: #mdzs #wangxian #acnh (lol)

ğŸ°play it by earğŸ°
- ~7k, rated t
- animal crossing: new horizons au!!
- also, modern elementary schâ€¦",1.0
287,1410409658951557127,1410409658951557127,@YoYo_4_Real When you getting on animal crossing again? ğŸ‘€,0.0
306,1410407429565779969,1410407429565779969,RT @ciaraturnerart: animal crossing flower chart ğŸ¥ºğŸ’ https://t.co/60x2bKrkTp,1.0
307,1410407420447408130,1410407420447408130,"the beginning of Lunar Islands: Animal Crossing New Leaf edition! ğŸƒ

(feat. my sick background, why doesn't the swiâ€¦ https://t.co/GKwWepxZXg",1.0
312,1410407139903000577,1410407139903000577,RT @kouxhii: Forgot to post this here but #kurotsuki in animal crossing ğŸ˜³ğŸ˜³ (for @zygosoji) https://t.co/g6R2mQ18Ja,0.0
313,1410406819265196036,1410406819265196036,Breaking News! There was a leak showing that Diddy kong is coming to Animal Crossing!ğŸ™€ https://t.co/eaVtWH0eA3,1.0
319,1410406316737241091,1410406316737241091,"me: I like video games I wanna play to unwind ğŸ˜Œ
also me: yes Animal Crossing has 0 pressing responsibilities but whâ€¦ https://t.co/C2DIToWLh9",1.0
323,1410405842835365891,1410405842835365891,"this reminded me of that one character in animal crossing, the one who plays the guitar ğŸ’€ https://t.co/syesb5YRHK",0.0
326,1410405592087269381,1410405592087269381,@k_yourbeautiful See I would get the lite but my man told me no he wants the tv one so now I have nothing ğŸ˜‚ low keyâ€¦ https://t.co/51isJ4hliy,1.0
330,1410404962404868099,1410404962404868099,@Barbie_Crossing @Animal_Cassing I'll keep my eyes peeled for her. Praying for her safe return. ğŸ™ğŸ½,1.0
336,1410404396375187463,1410404396375187463,"@VyrusCo Zelda, Fire Emblem, Animal Crossing. No hesitationğŸ˜­",0.0
337,1410404276199907329,1410404276199907329,"RT @j0kerssh0e: #Loki #Mobius 
-
-
-
-
aw heâ€™s playing animal crossingğŸ˜‹ https://t.co/j49zUSHuOi",1.0
338,1410404265118609409,1410404265118609409,@k_yourbeautiful I stg I just wanna play Mario kart and animal crossing like I was 12 again so bad ğŸ˜­ğŸ˜­ğŸ˜­ğŸ˜‚ I was goingâ€¦ https://t.co/dgV19v5yBR,1.0
342,1410403893603930113,1410403893603930113,I should be able to get box braids on animal crossing but instead i get this omg ğŸ˜­ğŸ˜­ğŸ˜­ https://t.co/2jmi2MD0pd,0.0
343,1410403858459865088,1410403858459865088,"RT @BunnyBooLiv: Live in 20 for some more Animal Crossing â¤ï¸

Sub goal is a little higher today to see if we can hit 100 this month â¤ï¸

Seeâ€¦",1.0
355,1410402770369368065,1410402770369368065,"I bought manga, makeup, lush, and now I'm going to spend more money on animal crossing ğŸ˜”ğŸ˜”",0.0
377,1410400326683967492,1410400326683967492,RT @accastaway: New leaked update for Animal Crossing ğŸ‘€ https://t.co/4UdRUeXTlG,0.0
388,1410399371796099072,1410399371796099072,Itâ€™s the last day of June and I never played the wedding event in animal crossing ğŸ’€,0.0
398,1410398496855887873,1410398496855887873,@rottencloset dee nooooo ofc ur a bottom dami mutual as well but no one else talks about animal crossing or fmab okay ğŸ˜­,0.0
400,1410398451809009666,1410398451809009666,"RT @amvored: Ive been working on Animal Crossing villagers fanarts â¤ï¸â€ğŸ”¥ğŸ
Here is Bree ğŸ’ Isnâ€™t she a qt?

#acnh #AnimalCrossing #bree https:â€¦",1.0
402,1410398367537143810,1410398367537143810,That Animal Crossing pin ğŸ˜­ğŸ˜­ğŸ˜­ https://t.co/el5heoYmvy,0.0
403,1410398178793431042,1410398178793431042,"games i play ğŸ’¸
â†³ guild wars 2 | #melplaysgw2
â†³ final fantasy xiv | ffxiv #melplaysffxiv
â†³ lord of the rings onlineâ€¦ https://t.co/HTx66bxMxW",0.0
406,1410397990301409289,1410397990301409289,@gayloonafiles tysm !! they all rly suit animal crossing characters -ğŸ°,1.0
412,1410397302804545538,1410397302804545538,@Sl4shD5 FFXIV or AND ANIMAL CROSSING WITH BEAN ğŸ˜‡,1.0
414,1410397172030488577,1410397172030488577,animal crossing fandom is so toxic. ğŸŒ¸,1.0
420,1410396550782767109,1410396550782767109,txt &amp; stayc as animal crossing characters â€” a cute thread â™¡ https://t.co/Dn3hyI7xCG,1.0
433,1410395442962108420,1410395442962108420,New leaked update for Animal Crossing ğŸ‘€ https://t.co/4UdRUeXTlG,0.0
443,1410394711395819521,1410394711395819521,"what may these be you are all wondering? ğŸ˜ rewatching the christmas episodes of toradora, hot chocolate, and writinâ€¦ https://t.co/sSqsPrETR6",1.0
453,1410393460410961924,1410393460410961924,"RT @acnh_jolly: ğŸš¨Animal Crossing Yard SaleğŸš¨ğŸ·
(Small &amp; free) with @acnhjennyy @j_orleny  DM for dodo code!!",1.0
458,1410392634040934405,1410392634040934405,hyuckie gave me sm stuff on animal crossing à¬˜(à©­*ËŠáµ•Ë‹)à©­* à©ˆâ™¡â€§â‚ŠËš,1.0
459,1410392477534769152,1410392477534769152,"Ive been working on Animal Crossing villagers fanarts â¤ï¸â€ğŸ”¥ğŸ
Here is Bree ğŸ’ Isnâ€™t she a qt?

#acnh #AnimalCrossingâ€¦ https://t.co/BADUXjlUL9",1.0
462,1410392428339621892,1410392428339621892,Iâ€™m addicted to Animal Crossing. ğŸ’€ Iâ€™m very aware Iâ€™m wasting so much time but I canâ€™t stop playing LOL wtf they hiâ€¦ https://t.co/qsEVwm1s7q,0.0
464,1410391850964250624,1410391850964250624,"ğŸš¨Animal Crossing Yard SaleğŸš¨ğŸ·
(Small &amp; free) with @acnhjennyy @j_orleny  DM for dodo code!!",1.0
470,1410390786399559682,1410390786399559682,"We are now open! 2 islands are available ğŸ’œ
Rent a Animal Crossing Treasure Island now! ğŸ¥°
DM me for the price! Priceâ€¦ https://t.co/sc9GGeHS2C",1.0
477,1410390372421836807,1410390372421836807,"We are now open! ğŸŸ¢â£ï¸
Rent a Animal Crossing Treasure Island now! ğŸï¸ğŸ§ 2 islands are available ğŸï¸
DM me for the priceâ€¦ https://t.co/ZXmQSMPe6K",1.0
481,1410389859118764034,1410389859118764034,"Regular brain: tired, animal crossing, stuffies

Horny brain, out of left field: ğŸ˜peggingğŸ˜",1.0
483,1410389783784738816,1410389783784738816,"New Animal Crossing OC!â™¥

Is it good? https://t.co/ImMjtHAw2t",1.0
492,1410389073202585602,1410389073202585602,RT @CrisWorthington: I painted pink windflowers from Animal Crossing ğŸŒ¸ GOUACHE TIMELAPSE #DigitalMarketing #DigitalMarketingTips [Video] htâ€¦,1.0
493,1410388862518497283,1410388862518497283,"@AxieRetreat @cryptophrenic13 @AxieDAMG @Crit_Theory @ladyranvore FFBE on mobile, Animal Crossing on Switch, and PS4 games ğŸ˜‚",1.0
500,1410388387027161093,1410388387027161093,"RT @muffinzimuffin: iâ€™ve made so many new muffins (followers) in the past few weeks and i wanna get to know you all better!! ğŸŒ¸

soo, if youâ€¦",1.0
502,1410388318840233984,1410388318840233984,I painted pink windflowers from Animal Crossing ğŸŒ¸ GOUACHE TIMELAPSE #DigitalMarketing #DigitalMarketingTips [Video] https://t.co/IrbEbpmKCp,1.0
513,1410387390124859393,1410387390124859393,@makeupACplayer I am that animal crossing player lol I always feel bad when I accidentally hit them ğŸ˜†,1.0
516,1410387067410993152,1410387067410993152,"iâ€™ve made so many new muffins (followers) in the past few weeks and i wanna get to know you all better!! ğŸŒ¸

soo, ifâ€¦ https://t.co/AHXVA48dEQ",1.0
551,1410382088218550273,1410382088218550273,"what do u all do in free time? i usually play some minecraft, animal crossing and roblox ğŸ˜­",0.0
552,1410381940461559820,1410381940461559820,"RT @sl33plyss: ğŸ”´ LIVE NOW [playing: animal crossing]

ğŸŒ´ island design, casual play
ğŸ¶ lofi, synthwave
ğŸ‘¾ come chat or game along with me!

ğŸ’«â€¦",1.0
555,1410381774295871490,1410381774295871490,"Goodbye dark souls, hello again  animal crossing ğŸ˜ƒ",1.0
557,1410381547287556096,1410381547287556096,new animal crossing purchase ğŸ¥°ğŸ‘ https://t.co/zejogzcvNw,1.0
562,1410381126804385799,1410381126804385799,@skzpixy apparently itâ€™s an animal crossing g character he was compared to ğŸ˜­ğŸ˜­,0.0
566,1410380397104480259,1410380397104480259,@jishwoods i went from stardew to animal crossing ğŸ˜­ğŸ˜‚ but i havenâ€™t played either in MONTHS,1.0
568,1410379964130680843,1410379964130680843,"Live now! ğŸ”´ villager hunting and decorating in Animal Crossing! ğŸ™Œ

https://t.co/LbH07irT0S",1.0
585,1410378246634475521,1410378246634475521,"RT @PlanetRainn: Filbert in the Animal Crossing Anime Movie style! âœ¨
______
#animalcrossing #acnh #animalcrossingnewhorizons #filbert #animâ€¦",1.0
596,1410377037097934848,1410377037097934848,"ğŸ”´ LIVE NOW [playing: animal crossing]

ğŸŒ´ island design, casual play
ğŸ¶ lofi, synthwave
ğŸ‘¾ come chat or game along witâ€¦ https://t.co/5CJQrAYnXN",1.0
605,1410375874994610180,1410375874994610180,@urthendofjune me never finishing my animal crossing island because it was becoming too much work for everything to look cuteğŸ˜­,0.0
610,1410375558316371970,1410375558316371970,@TamashiiHiroka Wish Animal Crossing was actually cool enough to give us LGBTQIA+ furniture. My customs will have to do ğŸ˜”,0.0
612,1410375374261809156,1410375374261809156,@tayayayMV Thanks! ğŸ’•Looking forward to playing him once I get a few other characters built ğŸ˜„ Glad you like the iconâ€¦ https://t.co/DPWBlVauKc,1.0
616,1410375082380206083,1410375082380206083,"Next week will be full of Sunday-Wednesday Streaming Fun ğŸ’›ğŸ’›ğŸ’›
Sun: Animal Crossing (10am PST)
Mon: Chess/Skyrim (4pmâ€¦ https://t.co/XCRVy5S3gx",1.0
618,1410374902230757378,1410374902230757378,Animal crossing ğŸ˜­ https://t.co/JeymqaC4gh,0.0
619,1410374757850230786,1410374757850230786,If only... It's 90 degrees now.ğŸ˜¥ (Animal Crossing New Horizon) https://t.co/C2ttr6ZST4,0.0
625,1410373878011076614,1410373878011076614,@Iuvhwngs this duckie from animal crossing ğŸ˜­ğŸ˜­ https://t.co/s7mTmnsio1,0.0
634,1410372897907032064,1410372897907032064,@userlovestay Animal crossing characterğŸ˜­,0.0
639,1410372498617778176,1410372498617778176,RT @TimmyDaBoss: I wish I was this good at Animal crossing ğŸ˜©ğŸ˜© https://t.co/gPeZDUPBMM,0.0
647,1410372240714182658,1410372240714182658,I wish I was this good at Animal crossing ğŸ˜©ğŸ˜© https://t.co/gPeZDUPBMM,0.0
658,1410371526587830276,1410371526587830276,@Midnightasaurus Animal crossing ? Letâ€™s link islands ğŸ˜«,0.0
666,1410371047598198785,1410371047598198785,@Dingo__Dingo I can do animal crossing style and watercolor illustrations âœ¨ https://t.co/7ijuUW7nve,1.0
675,1410370465755918339,1410370465755918339,RT @itsYustinaa: Animal Crossing stream tonight at 5pm pst / 8pm est. going to do some much needed decorating so come hang out!âœ¨ğŸ’œ https://tâ€¦,1.0
683,1410369356127772675,1410369356127772675,"#Loki #Mobius 
-
-
-
-
aw heâ€™s playing animal crossingğŸ˜‹ https://t.co/j49zUSHuOi",1.0
695,1410368298609524740,1410368298609524740,"RT @tyleroakley: ğŸš¨ THIS WEEK ON TWITCH... ğŸš¨ 

W 5pm - Stardew Valley
Th 2pm - Just Dance
F 2pm - Animal Crossing *VILLAGER HUNT*

ğŸ‘¾ https:/â€¦",1.0
699,1410367356350705671,1410367356350705671,"Live in 20 for some more Animal Crossing â¤ï¸

Sub goal is a little higher today to see if we can hit 100 this monthâ€¦ https://t.co/FA0San39w4",1.0
701,1410367042121838599,1410367042121838599,"RT @nguyenhut_art: Animal Crossing fanart!! ğŸ˜†
#b3d #fanart #AnimalCrossing https://t.co/thU8Yum5hY",1.0
716,1410364760701476866,1410364760701476866,"RT @TsunkatStudio: âœ¨Kicking off the start of our fan works, here's Kicks from Animal Crossing. Poster prints are coming soon, for those whoâ€¦",1.0
720,1410364616920551427,1410364616920551427,RT @acnh_katherine: âœ¨animal crossing player who never plays in real-time because theyâ€™re always time travelingâœ¨,1.0
733,1410363487096877058,1410363487096877058,@empanadatriste_ I would genuinely put the trans flag inspired couch with the clouds in my animal crossing house ğŸ˜Œ,1.0
741,1410363051962880007,1410363051962880007,ğŸ˜ [Visiting/Touring YOUR Island] | Animal Crossing | Live Stream | EP 106 | https://t.co/sq98MqnwIu @YouTubeã‚ˆã‚Š,1.0
748,1410362554120015873,1410362554120015873,this particular shirt from the new animal crossing merchâ€¦ğŸ˜ https://t.co/O6jkeS76tW,1.0
757,1410361598485667846,1410361598485667846,RT @IzzzyzzzArt: NEW VIDEO!!! âœ¨âœ¨ A Deep Dive Into Animal Crossing!!!! ğŸˆğŸ„ğŸ•ğŸƒğŸŒ¼ https://t.co/LvCP8WqlJn,1.0
763,1410360759394131968,1410360759394131968,Seriously wondering if I can go just one day without buying a new outfit on animal crossing ğŸ˜‚ https://t.co/eC5QRPIBQe,1.0
767,1410360492304920576,1410360492304920576,Listens to electronic animal crossing music ğŸ’€,0.0
771,1410359742577401865,1410359742577401865,"Iâ€™m back to playing Animal Crossing! Iâ€™m live right now and starting to get my island set up! Come hang out ğŸ˜Š

https://t.co/kDd4sB43rH",1.0
775,1410359495738417152,1410359495738417152,"I found my old New Nintendo 3ds and I could not stop playing Animal Crossing New Leaf, such a fun and relaxing game! ğŸ’•",1.0
776,1410359468177641481,1410359468177641481,"@withallstars omg this boyyyy!! he always looks so so good in your art, truly the work of a sunflower ğŸ˜Œ you alwaysâ€¦ https://t.co/rUZ9rVDfwY",1.0
777,1410359197137580032,1410359197137580032,Beeduo animal crossing stream. I beg ğŸ˜©,0.0
782,1410358604209823754,1410358604209823754,ğŸŒŸ TERRAFORMANDO ANIMAL CROSSING NEW HORIZONS #ACNH #NINTENDO #EMIGAMER https://t.co/1nFugwJaMV https://t.co/RqO6bFElRi,1.0
783,1410358599977668611,1410358599977668611,@pharaohcreator @thatgamecompany Or Animal Crossing ğŸ˜‚,1.0
791,1410357838535331846,1410357838535331846,"RT @Monke_Brush: Thanks for the 4k followers, here's a Bulma ğŸ’™
Thatâ€™s all the time Iâ€™ve got. I got to get back to playing Animal Crossing Nâ€¦",1.0
796,1410357262267437061,1410357262267437061,RT @badvibesbrooke: Canâ€™t decide if I should play animal crossing or the sims 4 ğŸ˜­ğŸ˜­ help,0.0
800,1410356743876583429,1410356743876583429,Canâ€™t decide if I should play animal crossing or the sims 4 ğŸ˜­ğŸ˜­ help,0.0
809,1410355789026398211,1410355789026398211,I need to be reminded that AC does not mean Animal Crossing to most peopleâ€¦ ğŸ˜… https://t.co/vBX88mw5nE,0.0
812,1410355184039993346,1410355184039993346,@mss1v3gr0wth heâ€™s playing animal crossing ğŸƒ,1.0
815,1410354987411165189,1410354987411165189,Moving stream back 30 mins! See yaâ€™ll at 7:30 PM EST for more Animal Crossing! Weâ€™re villager hunting and doing more island decorating! ğŸ’™,1.0
824,1410354419267358724,1410354419267358724,"ğŸˆæ—¥æœ¬èª/ENGğŸˆMorning APEXï¼ƒï¼’ï¼–â†’Splat and Animal Crossing maybe~  https://t.co/kVcSwzl8J2 
#ApexLegends #splatoon2 #AnimalCrossing",1.0
834,1410353292971024392,1410353292971024392,"@coldstorage2009 ğŸ‘‹ Hi  That Sounds Awesome , Animal Crossing Is Sooo Fun To Play. Me And My Twin Sister Loves It !!! ğŸ˜ŠğŸ˜",1.0
841,1410352523827990529,1410352523827990529,Thinking about recreating 48g merch in animal crossing ğŸ§ğŸ»â€â™€ï¸which ones should I do,1.0
843,1410352364855365644,1410352364855365644,ğŸ‘€ğŸ‘€ğŸ‘€ spoilers?! Ill have some fun stuff to show yall tomorrowâ€™s Animal Crossing stream ğŸ¥³ğŸ’ƒ I hope yall have a lovelyâ€¦ https://t.co/k40AC3XKE5,1.0
849,1410351714818039809,1410351714818039809,RT @witch_mote: Oh you like video games? Name five Animal Crossing characters other than Tom Nook and Isabelle. ğŸ˜’ Oh you canâ€™t? Go back toâ€¦,0.0
859,1410350595030933510,1410350595030933510,Found out non of my data saved on my old island on animal crossing. ğŸ˜­ğŸ˜­ğŸ˜­ğŸ˜­ https://t.co/wcSMtOLedz,0.0
862,1410349811136663557,1410349811136663557,"RT @TheSwitchForce: It's that time of the month!!ğŸ‡ğŸ”¥

Animal Crossing July Update 2021: https://t.co/J99cUXSkeu https://t.co/Ui7WuEeLHM",0.0
869,1410349298559168520,1410349298559168520,@NookTitstchi ğŸ˜­ğŸ˜­ğŸ˜­ I love this. Itâ€™s like how when my bf comes in and Iâ€™m on Animal Crossing he asks me â€œHows [Villaâ€¦ https://t.co/O3OL4PWWXr,0.0
873,1410348530376396801,1410348530376396801,Booted up Animal Crossing GameCube for the first time in years and the nostalgia is overflowing. ğŸ˜­,0.0
881,1410347620535615491,1410347620535615491,"welp we wonâ€™t have a working ac until tomorrow 
nope iâ€™m not talking about animal crossing ğŸ˜©ğŸ˜©ğŸ˜©ğŸ˜©",0.0
883,1410347170855747586,1410347170855747586,@fatarmyima Play animal crossing!! ğŸ’–,1.0
888,1410346894027636737,1410346894027636737,Wake me up when Animal Crossing New Horizons actually gets a big update. ğŸ˜ª,0.0
903,1410345676022730758,1410345676022730758,I have not posted a Animal Crossing screenshot for a while. So here is a sneak peak of my upstairs bedroomâ­ï¸ https://t.co/7AzLPDdw19,1.0
908,1410344989595406340,1410344989595406340,ice on my vaccine site bf â¤ï¸ distracting me with animal crossing and love island bf,1.0
915,1410344354762399745,1410344354762399745,âœ¨animal crossing player who never plays in real-time because theyâ€™re always time travelingâœ¨,1.0
918,1410344151686787075,1410344151686787075,"Stressful days call for a bit of cozy time on Animal Crossing ğŸ’› 

#AnimalCrossing #AnimalCrossingNewHorizons",1.0
932,1410342725124169728,1410342725124169728,Animal Crossing stream tonight at 5pm pst / 8pm est. going to do some much needed decorating so come hang out!âœ¨ğŸ’œâ€¦ https://t.co/ct5tLHMM5L,1.0
954,1410340550662922251,1410340550662922251,RT @CancerSunOTD: â™‹The Cancer of the day is Bluebear from the Animal Crossing franchise! Her birthday is June 24th! Happy birthday Bluebearâ€¦,1.0
955,1410340532212092931,1410340532212092931,RT @CancerSunOTD: â™‹The second Cancer of the day is Sydney from the Animal Crossing franchise! Her birthday is June 21st!â™‹ https://t.co/WBVyâ€¦,1.0
957,1410340377782099983,1410340377782099983,RT @CancerSunOTD: â™‹I forgot her yesterday so the second Cancer of the day is Merry from the Animal Crossing franchise! Her birthday is Juneâ€¦,1.0
979,1410338079185985538,1410338079185985538,I flippin found Marina on Animal Crossing and Iâ€™m so excited ğŸ˜­ğŸ¥²,0.0
984,1410337241906429965,1410337241906429965,sooooo i made the discord i wanted to make for animal crossing ğŸ˜³ğŸ˜³ and iâ€™ve been spending the past day going to a buâ€¦ https://t.co/vnBw1dhtdW,0.0
989,1410336712941654016,1410336712941654016,RT @TinaMickella: Live Now â€”&gt; â˜ï¸ 18+ &amp; 420 Friendly âœ¨ | Animal Crossing Vibes today | !socials !discord  https://t.co/65xaOROrKV https://t.â€¦,1.0
994,1410336157729136640,1410336157729136640,LIBERATE ANIMAL CROSSING ğŸ˜‚ğŸ˜­ https://t.co/514lSHZA9B,1.0
1000,1410335916313432072,1410335916313432072,RT @itsdianadaisies: animal crossing player who thinks 100 code design slots still arenâ€™t enough âœŒï¸ğŸ˜”âœŒï¸,1.0
1013,1410334408784105482,1410334408784105482,Wish nintendo would release the switch pro so I could finally hack my switch for animal crossing mods ğŸ˜”,0.0
1065,1410329181423013900,1410329181423013900,RT @LemongirlLisa: Thanks for the fun stream! It was fun just chilling and playing some animal crossing ğŸ’–ğŸ’–,1.0
1069,1410328483457384451,1410328483457384451,just got out of therapy now i will be zoning out at animal crossing for approximately 2 hoursâ¤ï¸,1.0
1070,1410328296387235841,1410328296387235841,@DOLLCARVER Deadass??? Lemme plug my switch into that and play animal crossing ğŸ‘‰ğŸ‘ˆ,1.0
1072,1410328100169162753,1410328100169162753,"âœ¨Kicking off the start of our fan works, here's Kicks from Animal Crossing. Poster prints are coming soon, for thosâ€¦ https://t.co/jxiz5nRyT4",1.0
1086,1410327097869049865,1410327097869049865,"RT @ArtByBai: *sees fishing commercial*
I KNOW THAT FISH FROM ANIMAL CROSSING ğŸ£ https://t.co/U8UiiYopWU",0.0
1092,1410326690736263170,1410326690736263170,"*sees fishing commercial*
I KNOW THAT FISH FROM ANIMAL CROSSING ğŸ£ https://t.co/U8UiiYopWU",0.0
1105,1410325612758241284,1410325612758241284,Live Now â€”&gt; â˜ï¸ 18+ &amp; 420 Friendly âœ¨ | Animal Crossing Vibes today | !socials !discord  https://t.co/65xaOROrKV https://t.co/Hqn8fgIvN0,1.0
1112,1410324875257040901,1410324875257040901,Thanks for the fun stream! It was fun just chilling and playing some animal crossing ğŸ’–ğŸ’–,1.0
1114,1410324809138028563,1410324809138028563,RT @shishichuu: I still love this fan art I did a while back animal crossing x sailor moon â™¥ enjoy â™¥ https://t.co/7qMjeGOxMX,1.0
1123,1410324195100086272,1410324195100086272,"ğŸš¨ THIS WEEK ON TWITCH... ğŸš¨ 

W 5pm - Stardew Valley
Th 2pm - Just Dance
F 2pm - Animal Crossing *VILLAGER HUNT*

ğŸ‘¾â€¦ https://t.co/IBHDNXPon3",1.0
1126,1410323815696064516,1410323815696064516,I restarted my animal crossing island and I'm genuinely so happy right now ğŸ˜­,0.0
1139,1410322783012376579,1410322783012376579,u can call urself a gamer even if the only games u play are sims and animal crossing ğŸ˜œğŸ˜œğŸ˜œğŸ˜œ https://t.co/OhvMTzpYXU,1.0
1168,1410320688422981638,1410320688422981638,@sassyistrash hehe that's amazing !! we all love some animal crossing â˜ºï¸âœ¨,1.0
1169,1410320652071018504,1410320652071018504,"i wanna go home to my rantooz, benchtrio vods, and animal crossing island ğŸ˜¥",0.0
1178,1410320165183496194,1410320165183496194,I havenâ€™t played animal crossing in so longğŸ’€,0.0
1182,1410319678803779594,1410319678803779594,LRT UNIQLO MY FAVORITE T SHIRT BRAND DID AN ANIMAL CROSSING COLLAB?????? AAAHHHH I NEEEEED ğŸ˜­ğŸ’•ğŸ’•ğŸ’•,0.0
1193,1410318474858094601,1410318474858094601,"Gonna go on animal crossing then Iâ€™m gonna write some namkook! Iâ€™ll be around to chatğŸ˜š
https://t.co/y2zuoOAAKN",1.0
1201,1410317662257811456,1410317662257811456,RT @ajtuana: Summery Animal Crossing Commission ğŸŒ± â˜€ï¸ https://t.co/02AzvQ05rk,1.0
1212,1410316372031254536,1410316372031254536,"Nintendo Switch Lite UNBOXING + Animal Crossing New Horizons â™¡ | Jazmine Tania
https://t.co/7ZAvmLjhIc",1.0
1214,1410316204573609986,1410316204573609986,"@ClearTogether Sounds like a good idea, im only into ow still bc i play other games tooğŸ˜­ It's nice to mix it up! Iâ€¦ https://t.co/FG73bZVEtp",0.0
1229,1410314163277033472,1410314163277033472,What if I actually turned on my switch and played animal crossing ğŸ§â€â™‚ï¸,0.0
1233,1410313772976140288,1410313772976140288,@TheForgottenFa1 Yeah Iâ€™m going too! Back to COD or animal crossing ğŸ˜„,1.0
1244,1410312904843444229,1410312904843444229,RT @lex_dragonACNH: Iâ€™m finally playing animal crossing again after a month of not having my switch ğŸ˜ I forgot how cute my island was ğŸ™Šâ€¦,1.0
1250,1410312367527899148,1410312367527899148,"K.K. Slider, Tom Nook, Isabelle, and I are playing Animal Crossing with the human!!! ğŸ¸ğŸ¶ğŸ¶ğŸ¦ğŸ® https://t.co/AAHNrvRWgt",1.0
1264,1410311508693815299,1410311508693815299,Gonna get the animal crossing edition because pastels ğŸ‘ğŸ‘„ğŸ‘,1.0
1267,1410311085282955265,1410311085282955265,"RT @DaniLoveYT: Sometimes I streamâ€¦
Today is one of those days ğŸ˜…ğŸ™ˆ
Come hang out &amp; find out how my non graceful self broke my toe last nightâ€¦",1.0
1269,1410311005863874564,1410311005863874564,@cybunnyplushie check ur animal crossing mail and ull find ur answerâ¤ï¸,1.0
1270,1410310862166974471,1410310862166974471,@DickSprints you got something against animal crossing ğŸ˜’ i got the final fantasy remaster and i lowkey wanna get roâ€¦ https://t.co/NaRZTJgxDb,0.0
1271,1410310728414859266,1410310728414859266,"RT @BunnyAches: Short stack Ankah from Animal Crossing Iâ€™m working on- sheâ€™s a queen , you know? ğŸ‘‘ #Sketch #AnimalCrossing #Shortstack #Ankâ€¦",1.0
1276,1410310420573925377,1410310420573925377,Getting back into Animal Crossing (and hoping itâ€™s not gone Camp Krusty in my absenceğŸ˜¬) https://t.co/LHjA7cW4pU,0.0
1277,1410310415603716096,1410310415603716096,"@dianahorizons takes me wayyyy back dude ğŸ˜©

I remember trawling the animal crossing community forum; trading and viâ€¦ https://t.co/UbuWBLmMvQ",0.0
1283,1410310060673220612,1410310060673220612,@twoheadedgrrl itâ€™s in animal crossing when a villager is moving out ğŸ˜­ in ur defense i dont think they actually say it in the game,0.0
1294,1410308955033718786,1410308955033718786,i might log back into animal crossing i havent even touched it since around new years ğŸ˜­ğŸ˜­,0.0
1309,1410307871519109120,1410307871519109120,"@ZandarVTS lol there's not (i wish), but there's one on my animal crossing flag ğŸ˜„",1.0
1318,1410306856241741824,1410306856241741824,I wanna get lost in some animal crossing woods ğŸƒ https://t.co/ripNBbowJK,1.0
1332,1410306078718496774,1410306078718496774,do people still play animal crossing? ğŸ˜­ any army oomfs or non oomfs play??? https://t.co/qOofQ9AOK1,0.0
1354,1410304139846897665,1410304139846897665,"just bought an animal crossing themed gift box from etsy ğŸ‘‰ğŸ‘ˆ whenever it'll arrive, it'll be a pick me up gift for my future self,",1.0
1369,1410302595307130885,1410302595307130885,"Animal Crossing Pocket Camp â‰¥ (2021) EXPLOIT
https://t.co/kUhRm7dSc9

The (2020) exploit - CONTINUES! 

â‡¨ adapted tâ€¦ https://t.co/i9KeJo19MA",1.0
1383,1410301470264672256,1410301470264672256,@BettyBob2point0 @peapod82 @acidlure Also yes a animal crossing player!ğŸ˜ğŸ˜ğŸ˜,1.0
1407,1410299037190868998,1410299037190868998,"Sometimes I streamâ€¦
Today is one of those days ğŸ˜…ğŸ™ˆ
Come hang out &amp; find out how my non graceful self broke my toe laâ€¦ https://t.co/okTY4zrzmg",1.0
1418,1410297942662025218,1410297942662025218,"me: â˜ºï¸

my animal crossing villager: https://t.co/XBemszSRxy",1.0
1428,1410297078450819072,1410297078450819072,"Nintendo Switch Console
Animal Crossing: New Horizons Edition $299.99
ğŸ”” https://t.co/3Yzv2OpO4q #ad https://t.co/ugAUvz0jc9",1.0
1431,1410296939963355138,1410296939963355138,RT @_Looweeze: Do hope Animal Crossing lives up to its reputation ğŸ¤â¤ https://t.co/co2Z4nxUHg,1.0
1438,1410296456003653637,1410296456003653637,Do hope Animal Crossing lives up to its reputation ğŸ¤â¤ https://t.co/co2Z4nxUHg,1.0
1447,1410295700458512384,1410295700458512384,"i just stole 21,000 bells from my brother in animal crossing ğŸ˜ğŸ‘",1.0
1463,1410293528236806144,1410293528236806144,RT @mistykorok: ~moots i was wondering ğŸ‘‰ğŸ‘ˆ would anyone be interested in watching me stream animal crossing and botw? i am seriously consideâ€¦,1.0
1474,1410292220280905731,1410292220280905731,@Aztecross I time travel in animal crossing ğŸ˜”,0.0
1480,1410291293016711174,1410291293016711174,"RT @FloristOTD: todayâ€™s florist of the day isâ€¦

ğŸ’ leif from animal crossing: new leaf and animal crossing: new horizons ğŸ’ he maintains a gaâ€¦",1.0
1481,1410291181884305410,1410291181884305410,@bluape_cb It's not the saaaaame but I actually have the animal crossing switch and I love it dearly ğŸ˜…ğŸ˜…,0.0
1499,1410289395236806667,1410289395236806667,~moots i was wondering ğŸ‘‰ğŸ‘ˆ would anyone be interested in watching me stream animal crossing and botw? i am seriouslyâ€¦ https://t.co/XJ3P7jl2bB,1.0
1502,1410288835695726597,1410288835695726597,@JoeySplats @JoelakaFalcon And we played Animal Crossing on the first date which was awesome ğŸ˜„,1.0
1517,1410287426543685634,1410287426543685634,mom said itâ€™s my turn on the animal crossing keyboard ğŸ˜¤ #ACNH #AnimalCrossing https://t.co/IdsASeaDmE,0.0
1522,1410286858060320776,1410286858060320776,iâ€™ve been remodeling my animal crossing island and iâ€™m trying to pace myself but i just want to do it all at once ğŸ˜­ğŸ˜­,0.0
1532,1410285749744898051,1410285749744898051,@tha_rami The balloons in Animal Crossing NH! ğŸˆâœ¨ Technically consumable since you can fall and lose them. https://t.co/2Bw21vquuo,1.0
1538,1410285227524575233,1410285227524575233,"RT @momoiiroo: If you like animal crossing pins consider buying from my etsy shop :'Dâ™¥ï¸
https://t.co/PwQSUnmdV1 https://t.co/wxhO3eO62A",1.0
1550,1410284008181841927,1410284008181841927,Iâ€™m just gonna go make some cookies and play Animal Crossing. ğŸ˜”,0.0
1574,1410281879639580674,1410281879639580674,I wanna play animal crossing but my charger is packed up somewhere in a box ğŸ˜£,0.0
1581,1410281402667618309,1410281402667618309,@julieeedb Oooh tysm!!! I def spent way to much of 2020 on animal crossing  haha. So I'm glad it shows ğŸ˜Œâ˜º,1.0
1585,1410280961431031814,1410280961431031814,"I will draw
âœ…Humans
âœ…Anthro
âœ…Simple furries/mascots
(Think Sanrio or Animal Crossing)
âœ…Vtubers â¤â¤â¤
âœ… Partial Mechâ€¦ https://t.co/8EDHr8srko",1.0
1592,1410280535340032001,1410280535340032001,Does anyone wanna be friends on animal crossing? ğŸ¥ºâ¤ï¸,1.0
1598,1410280114911281153,1410280114911281153,really thinking about buying a nintendo switch just so i can play animal crossing ğŸ¤¸ğŸ»â€â™€ï¸,1.0
1613,1410278790698258443,1410278790698258443,RT @kirijaz: Crazy how a lot of people bought animal crossingâ€¦and now no one talks about it anymoreğŸ’€ğŸ’€,0.0
1634,1410276472703512576,1410276472703512576,@cosychey My dream animal crossing world ğŸ˜©ğŸ’›,0.0
1658,1410274530812125188,1410274530812125188,@AC_Roald animal crossing villagers sweeping the dirt outside their house ğŸ‘ğŸ‘„ğŸ‘,1.0
1662,1410274290059124745,1410274290059124745,"I've never visited someone elses island, I've no idea how to even do it ğŸ¤¦ğŸ»â€â™€ï¸ I need animal crossing friends ğŸ˜…",0.0
1676,1410272208455340038,1410272208455340038,"I really want to do some color studies from breath of the wild, but I deleted most of my good pictures to make space for Animal Crossing ğŸ˜”",0.0
1677,1410272164465549320,1410272164465549320,"Short stack Ankah from Animal Crossing Iâ€™m working on- sheâ€™s a queen , you know? ğŸ‘‘ #Sketch #AnimalCrossingâ€¦ https://t.co/DLH9a1lheF",1.0
1680,1410271940753850370,1410271940753850370,@Sehvashh animal crossing ğŸ˜€,1.0
1685,1410271444957761544,1410271444957761544,@honeyrues dude i literally have no idea who's on my island anymore bc i haven't logged into animal crossing in forever ğŸ˜³,0.0
1694,1410270231151271938,1410270231151271938,â™‹I forgot her yesterday so the second Cancer of the day is Merry from the Animal Crossing franchise! Her birthday iâ€¦ https://t.co/53u1izqUw7,1.0
1706,1410268650586755079,1410268650586755079,finally got the animal crossing switch ğŸ˜‹ we deadass had 4 switches on my bed earlier todayğŸƒğŸ»â€â™€ï¸ğŸƒğŸ»â€â™€ï¸ğŸƒğŸ»â€â™€ï¸ğŸƒğŸ»â€â™€ï¸ https://t.co/X4ojXAcDBY,1.0
1712,1410268272453251077,1410268272453251077,RT @sosupersam: ahhh my animal crossing island is turning out to be CUUUTE ğŸŒ¸ğŸ¥°ğŸŒ¸,1.0
1715,1410268045805686784,1410268045805686784,ahhh my animal crossing island is turning out to be CUUUTE ğŸŒ¸ğŸ¥°ğŸŒ¸,1.0
1717,1410267891681796097,1410267891681796097,Tom Nook is so excited to see some lucky travelers registered for the next NOTL Library Animal Crossing Meet-Up! ğŸ™ŒğŸ™Œâ€¦ https://t.co/RQFgzgyypy,1.0
1719,1410267660860940290,1410267660860940290,taeyong singing animal crossing on ty dayğŸ˜https://t.co/nwBjBqAxv0,1.0
1740,1410266185208418310,1410266185208418310,@tyleroakley Animal crossing villager hunt ğŸ‘€,0.0
1743,1410265827085930497,1410265827085930497,Hello everyone! Im selling my Zelda breath of the wild or trade to animal crossing please dm me cavite area only ğŸ˜‰ https://t.co/qENNCa8a6I,1.0
1744,1410265789383516160,1410265789383516160,"RT @meganyy: ğŸ”´ LIVE

I'M BACK ğŸ‰

Today's stream is sponsored by @TheOodie and we are heading back to my Animal Crossing Island!

I'll see yâ€¦",1.0
1757,1410264617432068099,1410264617432068099,@zeyxwt i got Subnautica ğŸ’€ I'll get animal crossing another time,0.0
1765,1410263975577673728,1410263975577673728,On a ever growing list of things that will never happen; would love if your Animal Crossing villagers could swim in the ocean â¤ğŸŒŠğŸŸğŸŠâ€â™€ï¸,1.0
1766,1410263947484217350,1410263947484217350,@travelkage I also noticed the surfboards - because they remind me of the surfboards in animal crossing new horizons! ğŸ¤£ğŸ˜­ğŸ¥º,0.0
1771,1410263354241916929,1410263354241916929,@SmokeWun93 @himalayaplaya11 ğŸ˜‚ Iâ€™m working right now AND playing Animal Crossing,1.0
1784,1410260720084602880,1410260720084602880,"Games that have owned chunks of my life...

Subnautica ğŸ¦ˆ 100 hours.
Don't Starve (Together) ğŸ— 600ish hours
Animal Câ€¦ https://t.co/6LmORHSbs1",0.0
1790,1410260150846320640,1410260150846320640,all i want now is to play animal crossing its been almost a year since i played ğŸ˜­,0.0
1803,1410259374027780103,1410259374027780103,animal crossing winning but I kinda want subnautica more ğŸ’€ğŸ’€FUCK,0.0
1807,1410258258493906947,1410258258493906947,those uniqlo animal crossing shirts ğŸ˜³,0.0
1808,1410258257873100807,1410258257873100807,"RT @tnshii_jpeg: heyo! :o just gonna post a lil about me here
â™¡ jen
â™¡ 22
â™¡ UK 
â™¡ multifandom; overwatch, mass effect, animal crossing, puelâ€¦",1.0
1811,1410258177522810882,1410258177522810882,"@Helexzura People also said the graphics of Animal Crossing are garbage because it is so ""simplified"" ğŸ˜‚

Art Style â‰  Graphics",1.0
1816,1410257626257051657,1410257626257051657,"heyo! :o just gonna post a lil about me here
â™¡ jen
â™¡ 22
â™¡ UK 
â™¡ multifandom; overwatch, mass effect, animal crossinâ€¦ https://t.co/8qzu5Cd1Nk",1.0
1817,1410257546137452545,1410257546137452545,Watching a deep dive into Animal Crossing as a whole and the way Raymond has his own timestampğŸ˜­ğŸ˜­ https://t.co/ozKmt04Vw2,0.0
1824,1410256594709929986,1410256594709929986,I have my comfort food so i will now proceed to play animal crossing and watch YouTube and vlive videos all evening ğŸ˜Œ,1.0
1828,1410256363905683459,1410256363905683459,"RT @pamalallama: It's Weber's birthday! Time to celebrate with the local lazy duck in Animal Crossing. â™¡(Ë¶â•¹Ì† â–¿â•¹Ì†Ëµ)Ùˆâœ§â™¡

See you there âœ¿
httpâ€¦",1.0
1837,1410255547723522057,1410255547723522057,aight iâ€™m gonna play animal crossing and sleep goodnight oomfs ğŸ§â€â™€ï¸,1.0
1839,1410255233847017474,1410255233847017474,"ğŸ”´ LIVE

I'M BACK ğŸ‰

Today's stream is sponsored by @TheOodie and we are heading back to my Animal Crossing Island!â€¦ https://t.co/uLGUdXoC2F",1.0
1843,1410254739468652555,1410254739468652555,Going live soon and returning to my messy Animal Crossing Island! ğŸŒ»ğŸ’ğŸŒ¼ğŸ¦https://t.co/x3xRTGxehQ,1.0
1849,1410254034238414853,1410254034238414853,RT @_forevershi: H.E.R had an animal crossing themed party for her birthday itâ€™s so cute ğŸ’™,1.0
1859,1410252875163447298,1410252875163447298,"animalcrossing: RT @UniqloUSA: TOMORROW: ğŸˆğŸğŸŒ ğŸ‘ğŸŸ https://t.co/397WSQBjxZ #ACNH #UniqloUT 
@NintendoAmericaâ€¦ https://t.co/7A3tytdrsn",1.0
1871,1410251839908495369,1410251839908495369,LIBERATE ANIMAL CROSSING ğŸ™Œ https://t.co/xksEuIT5EZ,1.0
1874,1410251602854875137,1410251602854875137,Y'all ready for some Animal Crossing this evening? ğŸ˜œ,1.0
1881,1410250814568943617,1410250814568943617,"Yay, I finally received a refund from eBay regarding one of the Animal Crossing Amiibo cards that I never received, I'm so happy. ğŸ˜ƒğŸ¥³ğŸ‘",1.0
1882,1410250722864676866,1410250722864676866,"Join me for some Animal Crossing fun!
Today I will be designing the museum area ğŸ’—

https://t.co/xF9ih7w2nJ",1.0
1896,1410248160639963141,1410248160639963141,"Itâ€™s crazy a year ago everyone was playing Animal Crossing 24/7, that seems like forever ago. ğŸ˜³",0.0
1898,1410247999893213189,1410247999893213189,Animal Crossing definitely extorts the spender in me - I love shopping in game ğŸ˜¬ğŸ˜¬ğŸ˜¬,0.0
1922,1410244142051987458,1410244142051987458,"@anjelrosilee @ranaltboo Tommy uses the able sisterâ€™s music in his streams, idk if itâ€™s the same as animal crossing music I donâ€™t play it ğŸ˜­",0.0
1923,1410244024699703304,1410244024699703304,All my friends and mutuals playing dbd and I get spooked/jumpy playing animal crossing and life is strange lmao ğŸ¤¦ğŸ»â€â™€ï¸ğŸ˜‚,1.0
1964,1410239853707599873,1410239853707599873,RT @witchy_crossing: manifesting myself as a real-life animal crossing villager ğŸŒ¼ğŸ’¦ https://t.co/ee00JqPb20,1.0
1965,1410239829351272452,1410239829351272452,"@Big_Book_Energy I have to try animal crossing at some point, I was so tempted last year but I am a broke studentğŸ˜­ğŸ˜‚",1.0
1970,1410239515831128068,1410239515831128068,to do: liberate animal crossing âœï¸,1.0
1974,1410239199949754370,1410239199949754370,"remember how Animal Crossing had frequent updates for like, 2 months? ğŸ’€

I feel so bad for the people who have beenâ€¦ https://t.co/QDlSkQWKfe",0.0
1976,1410238764031430657,1410238764031430657,RT @minsuuuuuya: IRL Outfits based on Animal Crossing islands ğŸ€ a new miniseries Iâ€™ll be doing alongside new builds â˜ºï¸ which aesthetic do yâ€¦,1.0
1981,1410238301412462595,1410238301412462595,Can the rain like take a break in animal crossing it's over populating the flowers on my island again ğŸ˜…,0.0
1988,1410237184599154692,1410237184599154692,"RT @Chrypts: â­ï¸ day 26 - an octopus 

one of my favourite animal crossing villagers !! zucker!!!!

#Joodles2021 https://t.co/1j82KS0PIm",1.0
1991,1410236898325544968,1410236898325544968,@niccotango delete EVERYTHING and play animal crossing with me ğŸ’”/lh /j,0.0
1995,1410236617915305991,1410236617915305991,"RT @renchanw: jeno animal crossing edit, but itâ€™s noren ğŸ’•

#noren #jenren #ì  ëŸ° https://t.co/9vVJQ918bJ",1.0
2016,1410234147306708992,1410234147306708992,RT @hearttshaker: son chaeyoung as my animal crossing character â€” a very necessary thread â™¥ï¸êœœ https://t.co/uttnY6XPC5,1.0
2028,1410230571998003202,1410230571998003202,"RT @minsuuuuuya: Twinning with my Animal Crossing rep ğŸ’™
(feel free to try this too! âœ¨)

in-game                vs                IRL https:â€¦",1.0
2033,1410229779111059458,1410229779111059458,i distract myself w animal crossing or sims or another game if i feel like iâ€™m gonna eat more and twitter has helped â•°(*Â´ï¸¶`*)â•¯â™¡,1.0
2036,1410229438999109634,1410229438999109634,wanted 2 play animal crossing but i cant find my switch charger ğŸ‘¿,0.0
2040,1410229226595303424,1410229226595303424,"TOMORROW: ğŸˆğŸğŸŒ ğŸ‘ğŸŸ https://t.co/EBFaBPHzLa #ACNH #UniqloUT 
@NintendoAmerica @animalcrossing https://t.co/Ia5HNotUso",1.0
2045,1410228404151017476,1410228404151017476,Go check @Rhibles steam out ğŸ’Ÿ who doesn't love watching Animal Crossing? It's so chill ğŸ¥° https://t.co/ZHq5fC1Qg9,1.0
2047,1410227824649293830,1410227824649293830,@liamdforsyth This is massive! Style reminds me of Animal Crossing ğŸ‘ŒğŸ»,1.0
2077,1410223663488634885,1410223663488634885,"A few photos from the last couple days of Animal Crossing featuring Colton as he wouldn't get out the way ğŸ˜‚ 

Alsoâ€¦ https://t.co/PQkAN7VXl4",1.0
2079,1410223101342855170,1410223101342855170,today I'll finally have some animal crossing playing time ğŸ™ˆ,1.0
2086,1410221615359664132,1410221615359664132,@18moptop This is so Animal Crossing and I am here for it ğŸŒ³ğŸŒºğŸ¦‹,1.0
2092,1410221395699814401,1410221395699814401,RT @mir_gifs: June 30th bunny finally bloomed a blue hyacinth in animal crossing island matches very well with pink roses uwu ğŸŒ»ğŸŒ·ğŸ°ğŸ· https://â€¦,1.0
2093,1410221393246052356,1410221393246052356,RT @skywardharpe: no bc what am u supposed to do with these animal crossing characters ğŸ˜­ğŸ˜­ i don't play anymore,0.0
2098,1410220879032721412,1410220879032721412,no bc what am u supposed to do with these animal crossing characters ğŸ˜­ğŸ˜­ i don't play anymore,0.0
2100,1410220644776628226,1410220644776628226,"It's Weber's birthday! Time to celebrate with the local lazy duck in Animal Crossing. â™¡(Ë¶â•¹Ì† â–¿â•¹Ì†Ëµ)Ùˆâœ§â™¡

See you thereâ€¦ https://t.co/asqGMgBHwc",1.0
2132,1410215521346228228,1410215521346228228,@bertanyarl Chara ku di game Animal crossing new horizon ğŸ’š https://t.co/WLzOWDDAxt,1.0
2145,1410213584496365570,1410213584496365570,@Cove_Koopa I still remember this from our Animal Crossing outings uwu Just to think this was a year ago too ğŸ’–ğŸ’—ğŸ’œğŸ’™â˜ºâ˜ºğŸ†ğŸ‡,1.0
2147,1410213529442004993,1410213529442004993,"Amazon [$299.99]: Nintendo Switch - Animal Crossing New Horizons Edition

https://t.co/JRtry27gJq

ğŸ›’ https://t.co/iQ5vcFqmEN

 â° 07:28:00",1.0
2148,1410213470902145030,1410213470902145030,"RT @nunki_dayo: ğŸŒŸ STREAM STARTING NOW ğŸŒŸ

Good morning, everyone!
Let's play some Animal Crossing to start the day off with a nice and cozyâ€¦",1.0
2149,1410213319823216650,1410213319823216650,@mayamona_ The one inspired by the transgender flag looks like something from Animal Crossing ğŸ’•,1.0
2150,1410212653792858116,1410212653792858116,"Looks like Animal Crossing x Colour Pop is on sale ğŸ‘€ 

https://t.co/3NCO0tFsrr",0.0
2156,1410211147110764554,1410211147110764554,someone pointed out that 1.7 is literally just genshinâ€™s animal crossing update lmao ğŸ˜­,0.0
2184,1410207235490287617,1410207235490287617,"RT @lixserotonin: meet your new animal crossing villager, #FELIX! ğŸ¥

https://t.co/TcEzaZNPBJ",1.0
2197,1410203551603777539,1410203551603777539,RT @amandaherzman: animal crossing botanicals - starter fruits ğŸğŸğŸ’ğŸ‘ğŸŠ #acnh https://t.co/6eABGXyjvo,1.0
2201,1410202955886862340,1410202955886862340,I'm so whipped I recreated a Sunwoo outfit on animal crossing ğŸ’€ğŸ’€ this isn't how I was expecting to live my 20's,0.0
2210,1410200471529209862,1410200471529209862,@fatarmyima Your very creative with your animal crossing things ğŸ‘€ğŸ¥º im sure if i were to play animal crossing with yâ€¦ https://t.co/LY19bYS5HT,0.0
2211,1410200458728067078,1410200458728067078,Come visit our Treasure Island Animal Crossing amd book now! â£ï¸ Get items or learn diys on the island as much you câ€¦ https://t.co/ws5Igj8FqE,1.0
2212,1410200182537572353,1410200182537572353,Ima go play animal crossing and cough out my fucking lungs while Iâ€™m at it ğŸ˜/hj,1.0
2222,1410198380287041536,1410198380287041536,And Merry from animal crossing as keychain ğŸ±â˜ºğŸ’• https://t.co/81lD8Tmlu5,1.0
2224,1410197590054903817,1410197590054903817,@azimhilmy Animal Crossing ğŸ™ŒğŸ»ğŸ˜¬,1.0
2233,1410195820956291078,1410195820956291078,"Iâ€™m finally able to play Animal Crossing: Population Growing! ğŸ’–âœ¨

ğŸ€ - - - - - ğŸ€

#Nintendo #GameCube ğŸ•¹
#RetroGamingâ€¦ https://t.co/SjEXLSOfij",1.0
2247,1410192332473962501,1410192332473962501,@kvtiiie Your animal crossing island is pretty â™¥ï¸ https://t.co/BfdF72CDXp,1.0
2263,1410189900926775299,1410189900926775299,"RT @taekookrecs: [ taekook fic rec â™¡] Lovers live a little longer, baby - TBA (16K, IN BLOOM, strangers to lovers, neighbors, fluff, mutualâ€¦",1.0
2270,1410188738764935174,1410188738764935174,"[ taekook fic rec â™¡] Lovers live a little longer, baby - TBA (16K, IN BLOOM, strangers to lovers, neighbors, fluff,â€¦ https://t.co/4RMgF9K1Xr",1.0
2278,1410186809745625097,1410186809745625097,"Ending my night with some yuno gta vod and animal crossing ğŸ˜´

goodnight, you sleep well and have sweet dreams âœ¨

yoâ€¦ https://t.co/yUiXsICjF7",1.0
2280,1410186317435002884,1410186317435002884,RT @peachiiVT: Come and join me for a new animal crossing playthrough! ğŸ’– Animal Crossing City Folk â­ï¸ Link in replies â­ï¸ https://t.co/qMjGVâ€¦,1.0
2282,1410186072047370241,1410186072047370241,Come and join me for a new animal crossing playthrough! ğŸ’– Animal Crossing City Folk â­ï¸ Link in replies â­ï¸ https://t.co/qMjGVRsyBk,1.0
2291,1410184143623839744,1410184143623839744,The Animal Crossing Pocket Camp go this old ğŸ”˜ stop telling us to speak or you clowns,1.0
2293,1410184100476903425,1410184100476903425,Animal crossing switch case ğŸ˜ https://t.co/zuZDePmZ2s,1.0
2302,1410181629646098444,1410181629646098444,"i made an Animal Crossing Giveaway! ğŸŒ²

Alright yâ€™all! One of the warping algorithms (usually complex pro) if youâ€™ve found",1.0
2316,1410175024288382977,1410175024288382977,"ğŸŒŸ STREAM STARTING NOW ğŸŒŸ

Good morning, everyone!
Let's play some Animal Crossing to start the day off with a nice aâ€¦ https://t.co/tZg8u96PpZ",1.0
2321,1410174248417640451,1410174248417640451,"RT @Agui_chART: ğŸ’›Some of my more popular prints are sold out right now (the new Animal Crossing, Mob Psycho or the other Digimon print) butâ€¦",1.0
2334,1410169548830035970,1410169548830035970,@_soulgem Yes and animal crossing ğŸ‘€,0.0
2338,1410167790393348101,1410167790393348101,"Thanks for joining me for Miitopia! Here is the rest of the week's stream schedule:

Wednesday: Sonic Mania! âœŒğŸ˜

Thâ€¦ https://t.co/hQM7MFs1KU",1.0
2345,1410165791287173123,1410165791287173123,"RT @ashxtru: ğŸŒ· animal crossing discord group chat ğŸŒ·

â¤ make friends
â¤ trade items
â¤ share qr codeâ€™s &amp; memes 
â¤ must be 16+ &amp; have open dmsâ€¦",1.0
2350,1410163860317822976,1410163860317822976,@ChristianDSomb1 Animal crossing ğŸ˜,1.0
2357,1410162047577374722,1410162047577374722,Okay I definitely did NOT expect this when I jumped into Animal Crossing for a hot minute during my coffee break ğŸ˜‚ https://t.co/gKkt5Iekxk,1.0
2372,1410158297127145473,1410158297127145473,"RT @ngelcart: reposting â™¡ wts / lfb #AVA1L

nintendo switch lite - coral version + animal crossing: new horizon physical game ^^ 
â™¡ completâ€¦",1.0
2376,1410157730464092164,1410157730464092164,wedding szn on animal crossing is ending ğŸ’”,0.0
2383,1410156490195832832,1410156490195832832,The only reason why Iâ€™m still on facebook is because of animal crossing - tading items with other crossers from the phils ğŸ˜‚ğŸ¤¡,1.0
2385,1410156278760939520,1410156278760939520,nini everyone!!! (á¡ -.- á¡) m gonna play animal crossing til i get too sleepy .. â™¡,1.0
2388,1410155730016034819,1410155730016034819,"RT @rennuslupin: hello! 
my name is muzze and my pronouns are she / her
iâ€™m 20 and my mbti is infj-t
ğŸŒ gemini, ğŸŒš sagittarius + â¬†ï¸ leo
i speâ€¦",1.0
2404,1410150484086706176,1410150484086706176,I cannot believe I got animal crossing becuz my friends wants to play online with me ğŸ˜­ğŸ˜‚,1.0
2406,1410149985669111812,1410149985669111812,LOWKEY ID WANT TO GET THE SWITCH SOLELY FOR ANIMAL CROSSING BUT.....ps5....ğŸ˜©ğŸ˜©ğŸ˜©âœŠğŸ»âœŠğŸ»,0.0
2409,1410149925527166985,1410149925527166985,RT @ACWorldBlog: This year's Wedding Season event in Animal Crossing: New Horizons is almost over when June ends! ğŸ‰ It's your last chance tâ€¦,1.0
2418,1410146748056489985,1410146748056489985,"â­ï¸WHAT TIME IS IT?, ADVENTURE TIME!!!â­ï¸
https://t.co/5QVqKatSJM  
 Animal Crossing before GIGIGIGIGIGIGIGIGIGI",1.0
2419,1410146675629432832,1410146675629432832,"Itâ€™s 4:00 am and Iâ€™m up just to play Animal CrossingğŸƒ..ğŸ¥´ğŸ¥° 
#AnimalCrossingNewHorizons https://t.co/twy7Qwh87S",1.0
2422,1410146060626845696,1410146060626845696,cant wait to go home and play animal crossing âœŒğŸ¼ i have worked 8 hours during a lockdown. essential worker 100%,1.0
2475,1410131828451729409,1410131828451729409,playin animal crossing à«®ê’° áµ• à¼ áµ• ê’±áƒâ™¡,1.0
2506,1410123891821846531,1410123891821846531,RT @raspberryhazel: adrian and carter as animal crossing villagers â˜”ï¸ https://t.co/IBEWjVVcpU,1.0
2515,1410122176783597569,1410122176783597569,RT @kittycatxing: Some of the cutest art ever ğŸ’ I wish these were items in Animal Crossing #AnimalCrossing #ACNH #NintendoSwitch #Cute #Artâ€¦,1.0
2517,1410122136170033161,1410122136170033161,Some of the cutest art ever ğŸ’ I wish these were items in Animal Crossing #AnimalCrossing #ACNH #NintendoSwitchâ€¦ https://t.co/CmepAstX35,1.0
2525,1410121154543640577,1410121154543640577,Brad set up my Animal Crossing Switch ğŸ’šğŸ’™ğŸ’šğŸ’™ğŸ’šğŸ’™ğŸ¦ğŸ’šğŸ’™ğŸ’šğŸ’™,1.0
2529,1410120183906193409,1410120183906193409,i want to start fresh on animal crossing but i havenâ€™t even finished my island to begin with cos it looks like âœ¨trashâœ¨,1.0
2537,1410119541594730497,1410119541594730497,@SDCCooper ğŸ˜‚ Nintendo are incapable of balance. I remember being riled by Bunny Day on Animal Crossing because therâ€¦ https://t.co/P601pLxU3K,1.0
2539,1410119326137569280,1410119326137569280,@sanarvlvt im not sure ab the animal crossing but ğŸ’˜ğŸ’˜ğŸ’•ğŸ’—ğŸ’•ğŸ’ğŸ’“ğŸ’˜ğŸ’•ğŸ’—ğŸ’ğŸ’ğŸ’“ğŸ’•ğŸ’–ğŸ’jaeminğŸ’˜ğŸ’•ğŸ’—ğŸ’•ğŸ’“ğŸ’“ğŸ’•ğŸ’˜ğŸ’ğŸ’–ğŸ’ğŸ’—ğŸ’ğŸ’–jaemğŸ’–ğŸ’ğŸ’–ğŸ’ğŸ’“ğŸ’•ğŸ’•ğŸ’—ğŸ’ğŸ’—ğŸ’–ğŸ’ğŸ’—ğŸ’—na jaeminğŸ’˜ğŸ’–â€¦ https://t.co/549sPlDHIw,1.0
2576,1410112322186612738,1410112322186612738,"On discord, listening to my friends play apex while I play animal crossing ğŸ¥²ğŸ’“",1.0
2577,1410112262862409732,1410112262862409732,RT @minsuuuuuya: Make a drink based off your Animal Crossing island! ğŸ’™âœ¨ https://t.co/NH3IR2ZLuI,1.0
2584,1410110627683524611,1410110627683524611,@__SlowMo__  so many good animal crossing ideas in this thread ğŸ˜¬ https://t.co/adUscagtks,0.0
2589,1410109723819397126,1410109723819397126,"RT @softhoneypot: âœ¨ Animal Crossing Giveaway! âœ¨Prizes: Gothic Headdress Wig, Lace-up dress, and a Pink Cute Bed. Rules: Follow me (18+ onlyâ€¦",1.0
2599,1410107384995930114,1410107384995930114,RT @tododiavgod: animal crossing vem antes do greenğŸƒğŸƒ,1.0
2603,1410106421744746503,1410106421744746503,RT @0223things: #DONGHYUN: your favorite animal crossing villager ğŸœğŸŒ±ğŸŒŸğŸŒˆ https://t.co/jNngFdI6Oi,1.0
2606,1410106169008427013,1410106169008427013,I wonder how my animal crossing peeps are goingâ€¦ I havenâ€™t been on it for a month ğŸ˜©,0.0
2607,1410105873763082247,1410105873763082247,Animal Crossing: New Horizons (Nintendo Switch) âœ” 59.90 â‚¬ (-14% descuento) https://t.co/1V3qUOl6l5 https://t.co/8h6mB9tHmn,1.0
2632,1410102404746338305,1410102404746338305,"Seeing our Animal Crossing communities dive into an MMO for the first time (FFXIV)  and enjoying it, makes my heart so full! ğŸ¥ºâ¤ï¸",1.0
2639,1410101312839094273,1410101312839094273,"We are now open! 2 islands are available ğŸ¦
Rent a Animal Crossing Treasure Island now! ğŸ¥°
DM me for the price! Priceâ€¦ https://t.co/ryoQn4eiu8",1.0
2644,1410099866655674368,1410099866655674368,animal crossing vem antes do greenğŸƒğŸƒ,1.0
2645,1410099806165364737,1410099806165364737,@rxkoo thank you animal crossing ğŸ˜­ğŸ’œ,0.0
2650,1410098539124953088,1410098539124953088,@serenjmity i love you so much wah thank u animal crossing ğŸ¥ºğŸ¥ºğŸ¥ºâ¤ï¸â¤ï¸,1.0
2659,1410097948092895233,1410097948092895233,"@CTrajceska Get yourself a Switch and Animal Crossing! ğŸ™ŒğŸ½

I bought a few LEGO sets to keep myself off the screens during the time",1.0
2683,1410095436581326850,1410095436581326850,"@LiviesHQ I had my own #SOURprom in animal crossing tonightğŸ˜Œ
#SOUR #OliviaRodrigo https://t.co/yiH20A5hDo",1.0
2687,1410094346699894784,1410094346699894784,I MISS ANIMAL CROSSING SO MUCH ITS SO DEAD TO ME SADLY ğŸ˜­ğŸ˜­ğŸ˜­,0.0
2689,1410094027777601542,1410094027777601542,@Dewiwrites I used all mine on Pokemon and animal crossing ğŸ˜¬ğŸ˜…. Sorry mate.,0.0
2690,1410094026485731328,1410094026485731328,girl let me log into animal crossing just to make sure marshal still there ğŸ˜­,0.0
2710,1410089605571825676,1410089605571825676,"RT @GrumpyShop: I have some adorable peices inspired by Celeste from Animal Crossing!!
ğŸ’«ğŸ¦‰ https://t.co/D9Ued4AjnI https://t.co/DXXO1eA8Ur",1.0
2716,1410089098208022534,1410089098208022534,going to make a new island on animal crossing since i havent been on in months ğŸ§ğŸ»â€â™€ï¸,1.0
2738,1410085527420911618,1410085527420911618,My social life is in shambles but my Animal Crossing island looking good af ğŸ˜,1.0
2743,1410083944616239104,1410083944616239104,June 30th bunny finally bloomed a blue hyacinth in animal crossing island matches very well with pink roses uwu ğŸŒ»ğŸŒ·ğŸ°ğŸ· https://t.co/e99lFtU41i,1.0
2756,1410082709121081347,1410082709121081347,@Heatbeat89 @Azemwol @Extrime00 lol why so serious? got mad that your game is destroyed by own dev?ğŸ˜‚..its fine..goâ€¦ https://t.co/qzf534o11P,1.0
2769,1410080856752939008,1410080856752939008,"And before anyone asks...
Yes, I live like an Animal Crossing villager ğŸ˜†",1.0
2778,1410079865584369665,1410079865584369665,"@WhosLu11 it looks WAY good and i think itâ€™s gonna be more mobile, i literally named my animal crossing island after ballora ğŸ˜™ğŸ˜™",1.0
2790,1410077907670736897,1410077907670736897,"RT @simarchy: Hi I'm Stephanie, a Mermaid obsessed with The Sims + Animal Crossing! ğŸ§œâ€â™€ï¸ Find me here:

Gaming + Crafting Weekday Live Streâ€¦",1.0
2796,1410077283361058818,1410077283361058818,RT @d00xle: when r we going to get animal crossing nh ver 2.0 already ğŸ˜”ğŸ¤™ rt to manifest,0.0
2798,1410076971116253188,1410076971116253188,I restarted my animal crossing island so if anyone wants to help me with it lemme know ğŸ’—ğŸ’—,1.0
2817,1410075191028469762,1410075191028469762,"If I was even allowed to have puppies on my own, I'd name them Isabelle and KK after Animal Crossing. No jokeâ¤ğŸ¶â¤ğŸ¶â¤",1.0
2822,1410074928238444546,1410074928238444546,Animal Crossing is everything you need at night ğŸ˜Œ,1.0
2832,1410073926588243975,1410073926588243975,Someone came to my island and gave me 2 million bells to pay off my mortgage on animal crossing for free ğŸ˜­ğŸ˜­,0.0
2847,1410072245477707782,1410072245477707782,@andre_rochadel @victorrhan Animal crossing ğŸ‘€,0.0
2848,1410072211549949952,1410072211549949952,"4 games that turned me into the gamer I am today
1)OG Audition online playerğŸ™ˆ
2)Minecraft
3)Animal Crossing
4)Did yâ€¦ https://t.co/t6ZeOZBOUR",1.0
2856,1410071479115526145,1410071479115526145,"now time for ice cream, bobâ€™s burgers &amp; animal crossing before bed â˜ºï¸",1.0
2861,1410070700484820999,1410070700484820999,"It's that time of the month!!ğŸ‡ğŸ”¥

Animal Crossing July Update 2021: https://t.co/J99cUXSkeu https://t.co/Ui7WuEeLHM",0.0
2866,1410069678303633409,1410069678303633409,All I want is for villagers to be mean to you again in animal crossing like they had so much character ğŸ’”ğŸ’”,0.0
2879,1410067214460280833,1410067214460280833,Genshin Animal Crossing confirmed ğŸ˜‚ https://t.co/6doXO8OZ8M,1.0
2881,1410066981349466113,1410066981349466113,@miyaulait Idk why but I always read AC as Animal Crossing now ğŸ¥¸ğŸ¥¸ğŸ¥¸ğŸ˜…ğŸ˜…ğŸ˜…,0.0
2892,1410065282761035777,1410065282761035777,@yaetheestallion *leans against my fat animal crossing bank account* need a sugar mommy baal?ğŸ˜ https://t.co/DYdSbWr0Rx,1.0
2914,1410062207778443264,1410062207778443264,i need an animal crossing date again ğŸ˜©,0.0
2918,1410061758752985090,1410061758752985090,playing animal crossing for the first time in a year ğŸ˜µ iâ€™m scared,0.0
2920,1410061286432514048,1410061286432514048,RT @fromPanland: Actually played Animal Crossing today! Had a small break but was nice to check out Panland ğŸ˜ŠğŸ˜ŠğŸ˜Š https://t.co/sVNvPehdvO,1.0
2934,1410059514041278464,1410059514041278464,Breaking News! There was a leak showing that Murdoc is coming to Animal Crossing!ğŸ™€ https://t.co/dQPpwA6YOx,1.0
2946,1410058132781416453,1410058132781416453,I need to stop playing Animal Crossing. ğŸ˜…ğŸ˜‚,1.0
2947,1410057960072519686,1410057960072519686,Love having coworkers that have the same love for animal crossing ğŸ˜­â¤ï¸â¤ï¸,1.0
2949,1410057753440231436,1410057753440231436,I really want to get art of my sona Aze with my fav villager Mac from Animal Crossingâ¤ Aze is a lazy shit but I belâ€¦ https://t.co/S9TMtz6eAl,1.0
2952,1410057699987910659,1410057699987910659,RT @peachghoulie: Animal crossing stream happening now ğŸŒ¸ https://t.co/yC1ViQWegL,1.0
2953,1410057660259463170,1410057660259463170,Animal crossing stream happening now ğŸŒ¸ https://t.co/yC1ViQWegL,1.0
2957,1410057309213057024,1410057309213057024,miss the feeling of farming tickets on animal crossing just to go hunting for my fav villagers ğŸ˜”,0.0
2971,1410055994533548040,1410055994533548040,Iâ€™m finally playing animal crossing again after a month of not having my switch ğŸ˜ I forgot how cute my island was ğŸ™Šâ€¦ https://t.co/3F4GKhrxOD,1.0
2980,1410054350643208193,1410054350643208193,Animal crossing ğŸ®,1.0
2992,1410052862978129921,1410052862978129921,my coworker said i look like an animal crossing character?!?!?!?ğŸ˜¢,0.0
3007,1410050371783962635,1410050371783962635,@NintendoAmerica Animal Crossing Server offline ğŸ˜¬,0.0
3011,1410049908938268677,1410049908938268677,@ArcanaLegacy Reason why I recently stopped playing Animal Crossing after like 700 hours....it WAS a daily choreğŸ˜…,0.0
3063,1410040691904950289,1410040691904950289,I really wish animal crossing was still enjoyable ğŸ˜”,0.0
3071,1410040009323917312,1410040009323917312,"RT @KitsuneRuby2: Quiero conocer a mutuals:
ğŸŒ¸Animal crossing
ğŸŒ¸Monster Hunter 
ğŸŒ¸Apex Legends
ğŸŒ¸Anime 
ğŸŒ¸ LGBTfliendly 
ğŸŒ¸Streamer
ğŸŒ¸Nintendo swiâ€¦",1.0
3079,1410039409894772736,1410039409894772736,@MxBunntastic I wish I could get into Animal Crossing Rossing. I have the 3DS and... I get bored very quickly if theirs no direction. ğŸ’™ğŸ¥º,1.0
3086,1410038739406049282,1410038739406049282,"RT @notbellattv: Live now on Twitch!

Some more of the usual animal crossing island decorating as a little after-work wind down. ğŸŒ¼ğŸ’•
https:/â€¦",1.0
3093,1410038374073733121,1410038374073733121,when r we going to get animal crossing nh ver 2.0 already ğŸ˜”ğŸ¤™ rt to manifest,0.0
3106,1410037529840013312,1410037529840013312,"help me I need mutuals ğŸ„â€â™€ï¸
mostly tweet abt: 

-FEH
-Genshin impact 
-Mystic messenger
-Netflix Shows
-Animal crosâ€¦ https://t.co/IjXKSsH2Zi",1.0
3111,1410037173785698304,1410037173785698304,"RT @ieafysapien: ğŸŒŸğŸ’–Relaunching my store with brand new charms up for preorder and old ones too!! ToH, animal crossing, fruits basket and Thâ€¦",1.0
3118,1410036839046696968,1410036839046696968,And now Iâ€™m gonna go hide on my Animal Crossing island for the rest of the night ğŸ’•,1.0
3121,1410036200220549121,1410036200220549121,"Those ""animal crossing player"" tweets are.... lame ğŸ’€ğŸ’€ here let me make one",0.0
3126,1410035963028381700,1410035963028381700,"@IMissLLawliet You may be in her dms but Iâ€™m the god of her animal crossing island, weâ€™re not the same ğŸ’ªğŸ¼ğŸ˜¤",1.0
3135,1410034866587004930,1410034866587004930,@francotion Angie ğŸ‘€ can we be friends in animal crossing?,0.0
3138,1410034565511581700,1410034565511581700,I wanna go back to the cute animal crossing friend dates ğŸ˜”,0.0
3140,1410034250741686276,1410034250741686276,"RT @seaqqmber: Iâ€™ve been making hand carved animal crossing rubber stamps  ğŸ¸ğŸŒ¸ RTs appreciated ğŸ¥º

Insta @studionoooodle
Etsy https://t.co/HLâ€¦",1.0
3146,1410033108095705088,1410033108095705088,@NerdyPam Wow. That's awesome for him! But I'd miss my husband SO much if he left for that long. ğŸ˜… You can chat witâ€¦ https://t.co/Cn88qERfOo,0.0
3148,1410032953833320451,1410032953833320451,@MrBeast I stream Animal Crossing &amp; PokÃ©mon shield. Itâ€™s always chaos but I love my little community. https://t.co/tjqaPM7AFr ğŸ’—ğŸŒ¸âœ¨,1.0
3167,1410030181436243969,1410030181436243969,Since graduating college Iâ€™ve just been in my room binge watching shows and playing animal crossingğŸ˜« https://t.co/sidaM9g7Uw,0.0
3192,1410027054725226501,1410027054725226501,This year's Wedding Season event in Animal Crossing: New Horizons is almost over when June ends! ğŸ‰ It's your last câ€¦ https://t.co/wvRZqFumZJ,1.0
3201,1410026458509058049,1410026458509058049,"RT @keithphobic: â€¼ï¸â€¼ï¸SHOP IS NOW OPEN!ğŸ¸ğŸ’¥Pokemon, Ace Attorney, and Animal Crossing are in this round up! Support your local mixed queer guyâ€¦",0.0
3206,1410025555211087876,1410025555211087876,"hihiiii ğŸ’™ going live rn on twitch! Playing some animal crossing finally working on my sanrio island! Come hang â˜ºğŸŒ¸
ğŸ’Œâ€¦ https://t.co/DrEAo5DwPj",1.0
3212,1410025059536805899,1410025059536805899,RT @AmandaaTurtle: I really made actual lifelong friends from my animal crossing online persona and that's incredible ğŸ˜­,0.0
3216,1410024088211447811,1410024088211447811,I really made actual lifelong friends from my animal crossing online persona and that's incredible ğŸ˜­,0.0
3218,1410023907013402625,1410023907013402625,RT @isleofjane: AC player who still plays Animal Crossing ğŸ‘‰ğŸ¼ğŸ‘ˆğŸ¼,1.0
3224,1410023009667137536,1410023009667137536,i rly miss playing animal crossing w the besties ğŸ˜”ğŸ˜”ğŸ˜”,0.0
3237,1410021625731469313,1410021625731469313,@NNPZ_XVJGUIZL Animal crossing yeah ğŸ˜…ğŸ¤£,0.0
3262,1410018010224529416,1410018010224529416,avoided it for years but I finally got animal crossing and I'm shaking at the amount of hours I've put into it this past week ğŸ˜­,0.0
3263,1410017768464863237,1410017768464863237,"RT @DreamSynddArt: I really like seeing animal crossing characters being made into cute anime people so here's my try ğŸ˜‹ğŸ’•
I've been playingâ€¦",1.0
3266,1410017377954287619,1410017377954287619,"im sharing my 2 favorite animal crossing tracks - nobody asked but im doing it anyways 

ACNL 7pm &amp; ACNH 5am are ğŸ‘Œâ€¦ https://t.co/WyxMRMvN5h",1.0
3273,1410016821210619906,1410016821210619906,surprise twitch stream in 50 minutes 5:15pm PST! animal crossing ofc ğŸ’—,1.0
3291,1410014262781693958,1410014262781693958,it looks like animal crossing furniture ğŸ˜­ itâ€™s everything https://t.co/K4QoZ8TZsY https://t.co/gON96P4BzU,0.0
3320,1410011977548697606,1410011977548697606,"@JohnLe412 ğŸ˜‚ğŸ¤£ Iâ€™ve never played it. Iâ€™ve been stuck on animal crossing since I got a Switch in March, so maybe itâ€™sâ€¦ https://t.co/Esft4g0fES",1.0
3328,1410011534726684676,1410011534726684676,animal ğŸ¦“ crossing â˜¦ï¸ sugar ğŸ­ mommy ğŸ¤±ğŸ»,1.0
3333,1410010721539268610,1410010721539268610,I knew this was fake when I saw that Animal Crossing x Hello Kitty Twin Stars ass trans flag inspired couch ğŸ˜­ https://t.co/vYJ2XrEdh0,0.0
3334,1410010206642315268,1410010206642315268,@perfectaenist &lt;3 and animal crossing lofi works well too ğŸ˜­i like familiar music bc then my brain expects the next notes ;-;,0.0
3356,1410007321913200645,1410007321913200645,animal crossing date ğŸ™ğŸ™ https://t.co/a9qwrg5a0u,1.0
3370,1410006119775281153,1410006119775281153,RT @jelloplum_: animal crossing icons ğŸ’˜ https://t.co/l1UJT4szuS,1.0
3380,1410004928546971649,1410004928546971649,I am about to get on animal crossing for the first time in months. Canâ€™t wait till my villagers all ask to move away ğŸ˜‚,1.0
3381,1410004823664115721,1410004823664115721,moving animal crossing stream to 7pm CST! Got stuck in traffic lol. See you all soon ğŸ’•,1.0
3386,1410003936044593155,1410003936044593155,@NintendoAmerica Mario golf super rush needs Tom Nook and an animal crossing course! Please ğŸ˜ğŸ˜ğŸ˜ğŸ˜,1.0
3392,1410003551313612800,1410003551313612800,when you try to compliment your gf on animal crossing and they ignore you ğŸ˜ğŸ˜ğŸ˜ğŸ˜ğŸ˜ğŸ˜ğŸ˜ğŸ˜,1.0
3406,1410002960193622018,1410002960193622018,i want to play sims 4 or animal crossing but i have neither of them ğŸ’”,0.0
3408,1410002830618939397,1410002830618939397,@woesby Only my Animal Crossing Wild World online friends from 2006 can call me that ğŸ˜¡,0.0
3409,1410002825741062144,1410002825741062144,@misty_horizons if it means we get to live our life like itâ€™s animal crossingâ€¦ iâ€™m down ğŸ˜‚ https://t.co/wMbXUQZmzF,1.0
3411,1410002608870264834,1410002608870264834,who's gonna help me fix my animal crossing island tonight ğŸ˜­,0.0
3418,1410001592242298888,1410001592242298888,japanese style animal crossing islands are so beautiful why was I ever obsessed with cottage core ğŸ˜‚,1.0
3424,1410001150582005764,1410001150582005764,I was trying to pick up a weed in animal crossing but it was a flower I planted that hasnâ€™t sprouted ğŸ˜­ğŸ˜‚,1.0
3429,1410000879240069121,1410000879240069121,Someone play animal crossing with me ğŸ˜  please,0.0
3439,1409999164390395911,1409999164390395911,Animal crossing player who wants her to just shut up ğŸ˜­ esp when I'm time travelling loool https://t.co/nyjnIIGOdJ,0.0
3440,1409999042134908929,1409999042134908929,"Live now on Twitch!

Some more of the usual animal crossing island decorating as a little after-work wind down. ğŸŒ¼ğŸ’•
https://t.co/u0CEjAS14Q",1.0
3450,1409998001154707456,1409998001154707456,@Kitsulie They all look super cute! Those cherry ones reminds me of Animal Crossing! Heheh! ğŸ˜„,1.0
3453,1409997179444289536,1409997179444289536,typing on animal crossing was literal hell ğŸ˜­,0.0
3461,1409995330918223872,1409995330918223872,"i havent played animal crossing in forever so ,,,, im making a new island now ğŸ˜¤ğŸ˜¤",0.0
3470,1409994861038686210,1409994861038686210,RT @O0WWWuyzXDj6UtR: Not the animal crossing peaches i- ğŸ˜­ğŸ˜­ğŸ˜­ğŸ˜­ https://t.co/lKzfo7hADf,0.0
3476,1409994225102606336,1409994225102606336,@rogueambit It looks like the Cinnamonroll couch from animal crossing ğŸ˜­ğŸ’•,0.0
3480,1409993886022373379,1409993886022373379,Not the animal crossing peaches i- ğŸ˜­ğŸ˜­ğŸ˜­ğŸ˜­ https://t.co/lKzfo7hADf,0.0
3500,1409991434384646154,1409991434384646154,Wow the moment I stopped caring about animal crossing as much my turnip prices are like 630 bells per turnip ğŸ’€,0.0
3508,1409990425071521794,1409990425071521794,I feel like animal crossing will heal me ğŸ˜£,0.0
3511,1409990161484718081,1409990161484718081,@aceomnia i am bored of animal crossing and pokÃ©mon sword was the easiest pokÃ©mon game i've ever playedğŸ˜­these are tâ€¦ https://t.co/DeTYBkWDQl,0.0
3520,1409989201374941190,1409989201374941190,"You donâ€™t know how long Iâ€™ve been waiting for this Story of Seasons pioneers of olive town update ğŸ˜…

Animal Crossinâ€¦ https://t.co/3EQ4t5M7Kd",0.0
3521,1409989094483140610,1409989094483140610,itâ€™s been so long since i played animal crossing like that and damn this shit done caught me up againğŸ˜‚,1.0
3544,1409986443271983105,1409986443271983105,"RT @PinkRangerGamin: ğŸ€Time to Switch it UpğŸ€Stream RaidersğŸ€DiscordğŸ€Variety GamesğŸ€ Chill day so why not some animal crossing,
https://t.co/xDâ€¦",1.0
3546,1409986240779333637,1409986240779333637,@NookTits I got the animal crossing bundle â˜ºï¸,1.0
3547,1409986064421429251,1409986064421429251,@celynva @mbilik_ ğŸ˜†Are you sure... lmao ... I would ruin your animal crossing game experience.l if we did.,1.0
3552,1409985279004495873,1409985279004495873,"@JackaryDraws ğŸ® - Mario Golf: Super Rush, Animal Crossing: NH, SSBU
ğŸ‘€ - Moving
About myself - Gee. That's hard... Iâ€¦ https://t.co/jchB8xBieW",0.0
3560,1409984290419511299,1409984290419511299,im a female but i play animal crossingâ€¦.ğŸ’” https://t.co/myYVy7rt31,0.0
3563,1409984191878533124,1409984191878533124,@SunaCeea like animal crossing ğŸ˜­ğŸ˜­ thatâ€™s so cute,0.0
3578,1409981907882893324,1409981907882893324,"hello! 
my name is muzze and my pronouns are she / her
iâ€™m 20 and my mbti is infj-t
ğŸŒ gemini, ğŸŒš sagittarius + â¬†ï¸ leâ€¦ https://t.co/FK6263c17m",1.0
3584,1409981186752102401,1409981186752102401,RT @LilBigTrouble: Animal crossing notebook ğŸ’ #etsyfinds https://t.co/cGcNDVprDO,1.0
3586,1409981091155529728,1409981091155529728,celebrating my graduation on animal crossing with hobi by my side ğŸ˜†ğŸ’“ this is what itâ€™s supposed to be like.. right? https://t.co/qEVzAdFxZq,1.0
3587,1409980978332852230,1409980978332852230,animal crossing themed gifts I made the other day :) ğŸ https://t.co/6mNqXx9B0u,1.0
3600,1409979899142721537,1409979899142721537,@plumbellayt animal crossing cottagecore island channel whenğŸ˜¤,0.0
3608,1409979539036557312,1409979539036557312,@sour_lux Soon itâ€™ll basically animal crossing wallpaper ğŸ˜©,0.0
3615,1409978480775905287,1409978480775905287,@jmoretan I donâ€™t think Iâ€™m ready for that Iâ€™m terrified of bees ğŸ˜£ first step is to just be coool around them onceâ€¦ https://t.co/mZAUPgTxD7,0.0
